id,name,model_id:id,group_id:id,perm_read,perm_write,perm_create,perm_unlink
access_supply_type_all,supply.type.all,s_budget_construction.model_s_budget_const_supply_type,,1,0,0,0
access_supply_type_manager,supply.type.manager,s_budget_construction.model_s_budget_const_supply_type,s_budget_construction.group_manager,1,1,1,1

access_supply_all,supply.all,s_budget_construction.model_s_budget_const_supply,,1,0,0,0
access_supply_manager,supply.manager,s_budget_construction.model_s_budget_const_supply,s_budget_construction.group_manager,1,1,1,1

access_concept_all,concept.all,s_budget_construction.model_s_budget_const_concept,,1,0,0,0
access_concept_manager,concept.manager,s_budget_construction.model_s_budget_const_concept,s_budget_construction.group_manager,1,1,1,1

access_concept_component_all,concept.component.all,s_budget_construction.model_s_budget_const_concept_component,,1,0,0,0
access_concept_component_manager,concept.component.manager,s_budget_construction.model_s_budget_const_concept_component,s_budget_construction.group_manager,1,1,1,1
access_concept_suply_component_manager,concept.suply.component.manager,s_budget_construction.model_s_budget_const_concept_suply_component,s_budget_construction.group_manager,1,1,1,1

access_s_budget_pricelist_all,s.budget.pricelist.all,s_budget_construction.model_s_budget_pricelist,,1,0,0,0
access_s_budget_pricelist_manager,s.budget.pricelist.manager,s_budget_construction.model_s_budget_pricelist,s_budget_construction.group_manager,1,0,0,0
access_s_budget_pricelist_price_list_user,s.budget.pricelist..price_list_user,s_budget_construction.model_s_budget_pricelist,s_budget_construction.group_price_list_user,1,1,1,1


access_s_budget_pricelist_line_all,s.budget.pricelist.line.all,s_budget_construction.model_s_budget_pricelist_line,,1,0,0,0
access_s_budget_pricelist_line_manager,s.budget.pricelist.line.manager,s_budget_construction.model_s_budget_pricelist_line,s_budget_construction.group_manager,1,1,1,1
access_s_budget_pricelist_line_price_list_user,s.budget.pricelist.line.price_list_user,s_budget_construction.model_s_budget_pricelist_line,s_budget_construction.group_price_list_user,1,1,1,1
access_budget_gang_all,access_budget_gang_all,model_budget_gang,,1,0,0,0
access_budget_gang_manager,access_budget_gang_all,model_budget_gang,s_budget_construction.group_manager,1,1,1,1
access_budget_gang_user,access_budget_gang_all,model_budget_gang,s_budget_construction.group_price_list_user,1,1,1,1

access_budget_gang_line_all,access_budget_gang_line_all,model_budget_gang_line,s_budget_construction.group_price_list_user,1,0,0,0
access_budget_gang_line_manager,access_budget_gang_line_manager,model_budget_gang_line,s_budget_construction.group_manager,1,1,1,1
access_budget_gang_line_user,access_budget_gang_line_user,model_budget_gang_line,s_budget_construction.group_price_list_user,1,1,1,1
